OBJECTID,Neighborhood Name,Region,Total Population,Median Household Income,Median Home Value,Percent White Population,Percent Black Population,Percent Asian Population,Percent Hispanic Population,Percent Owner Occupied Housing Units,Percent Population With Higher Education,Number of Permits,Mean Year Built of Retrofitted Residences,Mean Building Age (All Residences),Mean Year Built of All 1 or 2 Family Dwellings,Number of 1 or 2 Family Dwellings,Mean Year Built of All 1 or 2 Family Dwellings Built Before 1980,Number of 1 or 2 Family Dwellings Built Before 1980,Normalized Permit Count (Method 2),Permits Per 1000 Residences (Method 2- Overall),Transformed Permit Count (Method 2- Overall),Number of 1 or 2 Family Dwellings Built Before 1940,Percent of 1 or 2 Family Dwellings Built Before 1940,Permits Per 1000 Residences (Method 2- Pre 2013),Transformed Permit Count (Method 2- Pre 2013),Permits Per 1000 Residences (Method 2- 2013 Onwards),Transformed Permit Count (Method 2- 2013 Onwards)
1,Adams-Normandie,South LA,16650,52013,679272,11.51,16.06,5.93,69.41,24.18,27.43,38,1906.447368,102.419598,1919.580402,1212,1920.073327,1093,0.034672,34.672,3.574353,998,82.343234,20.072993,3.047992,14.59854,2.747177
2,Arleta,San Fernando Valley & The Verdugos,32899,91370,572453,16.44,0.98,10.71,79.44,76.94,24.86,3,1953,66.896283,1955.103717,6807,1957.639367,6508,0.000461,0.461,0.379101,57,0.837373,0.460971,0.379101,0,0
3,Arlington Heights,South LA,19976,52908,867436,11.51,13.69,19.73,56.69,21.24,34.96,43,1914.837209,100.416667,1921.583333,1227,1923.935401,1162,0.036847,36.847,3.633542,1118,91.116544,19.708655,3.030552,17.137961,2.898007
4,Atwater Village,Northeast LA and the Eastside,13578,87301,827877,39.32,1.69,19.49,42.08,41,56.9,65,1927.609375,89.015007,1932.984993,2738,1939.585901,2597,0.025019,25.019,3.258836,2225,81.263696,13.856813,2.698459,11.162433,2.498352
5,Baldwin Hills/Crenshaw,South LA,31645,46084,781508,10.82,53.86,5.02,27.17,31.02,43.7,23,1949.565217,69.132454,1952.867546,4931,1955.599424,4517,0.005091,5.091,1.806771,102,2.068546,3.54139,1.513233,1.549358,0.935842
6,Bel-Air,Westside,7429,200001,2000001,76.4,2.06,10.15,5.88,83.57,83.01,13,1942,56.548483,1965.451517,3032,1966.312078,2368,0.00549,5.49,1.870242,277,9.135884,4.64527,1.730818,0.844595,0.61226
7,Beverly Crest,Westside,10502,200001,2000001,78.4,1.89,8.18,6.8,87.82,81.57,36,1943.75,57.430075,1964.569925,4656,1967.067644,3888,0.009259,9.259,2.328181,525,11.275773,6.687243,2.039562,2.572016,1.27313
8,Beverly Grove,Central LA,22189,110345,1268855,73.7,3.93,9.1,9.84,29.34,77.08,177,1933.241379,63.259091,1958.740909,4403,1949.04345,3140,0.056084,56.084,4.044518,2188,49.693391,47.21166,3.875601,8.87199,2.289701
9,Beverlywood,Westside,7030,188309,1703093,80.58,1.55,6.05,7.34,79.05,82.19,28,1950.111111,68.482001,1953.517999,2139,1957.058417,1883,0.014862,14.862,2.763926,354,16.54979,11.146497,2.497041,3.715499,1.550855
10,Boyle Heights,Northeast LA and the Eastside,87434,49779,576959,14.18,1.85,3.42,91.07,25.89,16.61,70,1916.953125,99.429664,1922.570336,6473,1927.652251,6179,0.011312,11.312,2.510592,5544,85.648077,4.848093,1.766116,6.464124,2.010108
11,Brentwood,Westside,33768,153880,2000001,77.46,1.59,9.32,7.57,50.37,84.82,86,1948.493671,53.674928,1968.325072,10091,1965.865157,6845,0.012549,12.549,2.606331,1227,12.15935,11.090034,2.492381,1.459215,0.899842
12,Broadway-Manchester,South LA,29339,41968,454467,7.65,25.04,0.42,71.74,30.58,12.53,8,1925,77.564954,1944.435046,3474,1940.878929,2856,0.0028,2.8,1.335038,2089,60.132412,1.750088,1.011633,1.050053,0.717865
13,Canoga Park,San Fernando Valley & The Verdugos,60935,68466,576776,26.46,5.34,13.13,57.71,27.75,35.34,5,1944.8,55.677575,1966.322425,7059,1961.429045,5123,0.000976,0.976,0.68107,230,3.258252,0.585594,0.460959,0.390396,0.329589
14,Koreatown,Central LA,4970,122937,1368895,64.06,6.84,8.19,15.98,41.56,72.99,48,1931.574468,90.604427,1931.395573,1039,1936.95813,1032,0.046467,46.467,3.860026,990,95.283927,36.78606,3.63194,9.680542,2.368424
15,Central-Alameda,South LA,43092,44364,474675,9.9,8.39,0.89,89.03,28.43,9.31,18,1918.25,96.316602,1925.683398,3661,1926.508166,3187,0.005643,5.643,1.893508,2891,78.967495,4.388715,1.684307,1.253918,0.81267
16,Century City,Westside,7311,157904,1345256,72.56,2.35,14.16,6.88,69.86,77.5,17,1933.9375,48.506741,1973.493259,3041,1964.526907,1691,0.010047,10.047,2.402184,355,11.673792,7.683215,2.161392,2.364066,1.21315
17,Chatsworth,San Fernando Valley & The Verdugos,49802,111162,743992,44.42,4.88,24.74,25.16,66.45,57.62,5,1969.8,42.308921,1979.691079,13272,1968.381464,8006,0.000625,0.625,0.48522,183,1.378843,0.499625,0.405215,0.124906,0.1177
18,Chatsworth Reservoir,San Fernando Valley & The Verdugos,50,150000,833333,50,2,6,30,78.57,50,1,1973,19.2625,2002.7375,80,1958.5,14,0.071429,71.429,4.282601,6,7.5,71.428571,4.282601,0,0
19,Chesterfield Square,South LA,7303,54852,632387,6.42,45.57,0.7,48.98,53.19,22.72,8,1926.125,92.876841,1929.123159,1494,1932.780841,1451,0.005513,5.513,1.873868,1390,93.038822,4.135079,1.636095,1.37836,0.866411
20,Cheviot Hills,Westside,7213,199427,2000001,72.37,2.32,10.88,10.15,75.87,81.71,39,1943.641026,72.595501,1949.404499,2267,1955.973619,2010,0.019403,19.403,3.015681,957,42.21438,15.422886,2.798676,3.9801,1.60545
21,Chinatown,Central LA,15873,38159,564130,15.3,14.92,35.6,35.78,6.37,32.48,0,,46.716749,1975.283251,407,1953.006135,163,0,0,0,64,15.724816,0,0,0,0
22,Cypress Park,Northeast LA and the Eastside,7808,60965,648230,18.28,1.19,7.95,80.15,36.81,28.77,23,1915.478261,101.996516,1920.003484,1155,1927.192171,1124,0.020426,20.426,3.064619,1071,92.727273,5.328597,1.845079,15.097691,2.778676
23,Del Rey,Westside,30819,96908,919232,45.27,4.73,14.45,34.19,39.99,58.71,20,1939.3,56.273943,1965.726057,7029,1961.957135,5459,0.003662,3.662,1.539516,519,7.383696,2.74675,1.320889,0.915583,0.650022
24,Downtown,Central LA,72902,79701,743159,33.47,17,23.93,24.48,13.13,61.57,1,,53.71669,1968.28331,6359,1980.868807,3616,0.000277,0.277,0.24416,3111,48.922787,0.276549,0.24416,0,0
25,Eagle Rock,Northeast LA and the Eastside,31156,102867,841359,38.54,2.12,26.51,33.52,54.1,59.21,148,1925.344828,82.372332,1939.627668,7218,1942.307973,6572,0.022516,22.516,3.157696,4465,61.859241,12.779553,2.623186,9.736802,2.373677
26,East Hollywood,Central LA,61107,50415,752727,28.84,3.76,17.24,52.66,9.11,37.91,66,1922.532258,91.179395,1930.820605,1969,1928.643089,1697,0.038417,38.417,3.674191,1619,82.224479,20.372526,3.062106,18.044237,2.946765
27,Echo Park,Central LA,33628,83042,913813,36.9,3.13,13.87,48.48,26.79,52.58,242,1919.493506,88.837174,1933.162826,3929,1933.998815,3378,0.07126,71.26,4.280275,2964,75.439043,41.224971,3.743012,30.035336,3.435126
28,El Sereno,Northeast LA and the Eastside,38892,66765,626530,18.02,2.77,11.63,76.76,49.45,32.66,66,1930.606061,77.826352,1944.173648,6908,1943.716648,6115,0.010791,10.791,2.467368,3078,44.557035,4.578156,1.718858,6.213211,1.975914
29,Elysian Park,Central LA,2345,76558,702899,21.41,3.11,48.32,29.13,15.26,40.67,7,1916.714286,89.610656,1932.389344,247,1934.340909,220,0.031818,31.818,3.490983,174,70.445344,22.727273,3.166625,9.090909,2.311635
30,Elysian Valley,Central LA,6126,71985,651338,22.79,1.21,25.61,57.57,46.77,40.87,16,1923.6875,82.647664,1939.352336,1268,1940.379982,1129,0.014172,14.172,2.719441,893,70.425868,9.743136,2.374267,4.428698,1.691699
31,Encino,San Fernando Valley & The Verdugos,46092,116505,1121300,72.34,3.58,7.74,12.63,60.56,67.41,32,1957.65625,57.321268,1964.678732,14698,1966.159102,12690,0.002522,2.522,1.258935,189,1.285889,1.576044,0.946255,0.945626,0.665584
32,Exposition Park,South LA,33403,46497,618240,10.12,20.95,6.57,64.98,28.09,22.81,45,1914.977273,100.083459,1921.916541,3338,1925.718917,3181,0.014129,14.129,2.716595,3024,90.59317,8.477237,2.248893,5.651491,1.894841
33,Fairfax,Central LA,12566,111409,1494264,76.61,3.05,6.42,9.95,30.46,73.8,136,1931.703704,82.188343,1939.811657,2078,1939.874652,1797,0.074195,74.195,4.320089,1684,81.039461,61.102019,4.128778,13.09329,2.645699
34,Florence,South LA,51427,44821,456865,8.5,16.89,0.48,80.11,30.33,12.64,12,1940.909091,86.239321,1935.760679,5248,1934.867451,4579,0.002621,2.621,1.286656,4083,77.801067,2.402271,1.224443,0.218388,0.197529
35,Glassell Park,Northeast LA and the Eastside,21611,81144,792806,28.11,1.91,19.14,55.24,44.33,46.89,57,1932.839286,74.648429,1947.351571,3695,1945.248654,3158,0.018044,18.044,2.946736,1828,49.47226,9.18012,2.320437,8.863564,2.288848
36,Gramercy Park,South LA,10487,72460,577186,3.97,66.95,0.82,26.34,59.33,31.36,14,1930.071429,83.75524,1938.24476,2958,1943.448065,2947,0.004751,4.751,1.749303,1621,54.800541,2.714625,1.312278,2.035969,1.110531
37,Granada Hills,San Fernando Valley & The Verdugos,55253,104706,657263,47.3,3.27,17.84,32.49,70.77,52.09,7,1952.571429,58.640073,1963.359927,14828,1962.611504,13143,0.000533,0.533,0.426968,154,1.038576,0.380431,0.322396,0.152172,0.141649
38,Green Meadows,South LA,34839,49468,439281,7.52,24.11,0.46,72.77,42.96,14.69,7,1937.571429,77.310561,1944.689439,5257,1944.548039,4611,0.001518,1.518,0.923508,2281,43.389766,1.518109,0.923508,0,0
39,Griffith Park,Central LA,41,0,0,46.34,12.2,7.32,34.15,50,44.45,1,1923,69.62963,1952.37037,27,1954.826087,23,0.043478,43.478,3.795001,13,48.148148,43.478261,3.795001,0,0
40,Hancock Park,Central LA,10368,127512,1763186,69.47,3.84,13.49,8.77,45.58,75.78,124,1927.909836,83.890753,1938.109247,2684,1945.30153,2488,0.049779,49.779,3.927487,2008,74.813711,43.757527,3.80126,6.021678,1.949002
41,Hansen Dam,San Fernando Valley & The Verdugos,61,200001,875000,44.26,6.56,9.84,39.34,92.31,48.84,0,,41.666667,1980.333333,21,1967.333333,12,0,0,0,0,0,0,0,0,0
42,Harbor City,The Harbor,25348,74741,618975,23.63,11.44,20.74,47.1,45.97,40.84,3,1925.333333,51.889096,1970.110904,4294,1961.689146,2848,0.001053,1.053,0.719483,301,7.009781,0.351124,0.300937,0.702247,0.531949
43,Harbor Gateway,The Harbor,41057,64075,602281,13.38,14.61,18.78,56.06,39.29,32.97,4,1947.666667,66.28418,1955.71582,5773,1955.406232,5135,0.000779,0.779,0.576033,452,7.829551,0.584226,0.460096,0.194742,0.17793
44,Harvard Heights,Central LA,17728,44386,787541,10.9,8.54,22.95,61.17,17.26,29.85,35,1912.181818,84.324808,1937.675192,1183,1920.602299,872,0.039909,39.909,3.711345,843,71.25951,23.945268,3.216684,15.963512,2.831065
45,Harvard Park,South LA,11291,51317,495407,8.09,26.84,0.68,68.31,50.68,18.11,6,1920.666667,95.349214,1926.650786,2040,1932.321175,1974,0.00304,3.04,1.396124,1861,91.22549,2.532928,1.262127,0.506586,0.409846
46,Highland Park,Northeast LA and the Eastside,51131,72716,735854,27.83,1.66,10.73,65.3,40.15,40.5,251,1917.93361,89.805545,1932.194455,7771,1936.365163,7252,0.034592,34.592,3.572123,5678,73.066529,16.813671,2.879966,17.77839,2.932707
47,Historic South-Central,South LA,48828,43654,435271,10.49,7.96,1.54,86.93,19.1,12.59,14,1913.857143,104.706964,1917.293036,2870,1919.283519,2611,0.005358,5.358,1.849687,2488,86.689895,3.827019,1.574229,1.530808,0.928538
48,Hollywood,Central LA,75188,58976,877663,48.35,7.23,8.95,34.18,8.72,58.22,143,1926.818182,61.566927,1960.433073,4228,1947.207179,2722,0.052,52,3.970292,1811,42.833491,38.545455,3.677451,13.454545,2.671009
49,Hollywood Hills,Central LA,24046,109357,1440948,70.58,4.67,7.91,12.75,49.14,75.66,159,1931.538961,68.582785,1953.417215,6694,1952.337469,5565,0.028551,28.551,3.386114,2386,35.64386,19.7522,3.032652,8.798707,2.28225
50,Hollywood Hills West,Central LA,15860,162779,2000001,78.09,2.99,5.58,9.02,60.72,73.51,58,1938.175439,64.668988,1957.331012,6464,1961.712212,5651,0.010262,10.262,2.421421,1508,23.329208,7.254069,2.110706,3.007785,1.388239
51,Hyde Park,South LA,38704,51197,631372,8.07,49.88,1.78,39.49,48.18,30.2,110,1924.259259,93.695251,1928.304749,7169,1935.688249,7090,0.01551,15.51,2.803993,6362,88.7432,8.319233,2.23208,7.191201,2.103061
52,Jefferson Park,South LA,23713,51083,687748,12.06,25.84,5.47,56.77,29.43,33.81,119,1915.508929,102.653759,1919.346241,2644,1926.43299,2620,0.045213,45.213,3.833256,2454,92.813918,24.316109,3.231441,20.896657,3.086334
53,Koreatown,Central LA,106052,50464,815161,14.45,5.12,39.56,41.92,7.48,45.35,45,1921.767442,52.391221,1969.608779,4694,1943.7717,2240,0.020009,20.009,3.044946,1405,29.931828,10.226767,2.418301,9.782125,2.37789
54,Lake Balboa,San Fernando Valley & The Verdugos,26880,94045,629639,42.37,4.34,10.92,44.02,60.87,46.98,13,1949.769231,66.082742,1955.917258,7324,1957.221971,6627,0.001962,1.962,1.085754,61,0.832878,1.358081,0.857848,0.603591,0.472246
55,Lake View Terrace,San Fernando Valley & The Verdugos,12205,95136,575533,27.75,8.82,7.15,61.18,73.51,32.99,1,1958,51.54921,1970.45079,2785,1963.244931,1874,0.000534,0.534,0.42763,68,2.441652,0,0,0.533618,0.42763
56,Larchmont,Central LA,7913,80127,1042785,36.51,4.33,28.6,28.37,26.45,60.4,75,1922.712329,74.984289,1947.015711,1275,1933.399093,895,0.082965,82.965,4.430395,861,67.529412,65.265487,4.193669,17.699115,2.928476
57,Leimert Park,South LA,12668,62297,713103,8.51,61.56,3.53,23,46.12,47.07,29,1935.517241,86.892164,1935.107836,2886,1941.131561,2860,0.010133,10.133,2.409893,1946,67.428967,6.289308,1.986409,3.843466,1.577631
58,Lincoln Heights,Northeast LA and the Eastside,27091,52246,641538,15.33,2.3,22.98,66.36,26.84,28.13,35,1910.548387,93.449198,1928.550802,2092,1922.204118,1713,0.020396,20.396,3.063217,1556,74.378585,5.244755,1.831742,15.151515,2.782014
59,Los Feliz,Central LA,32498,90460,1326905,66.07,2.99,11.55,16.45,24.14,72.94,194,1928.031414,78.401243,1943.598757,4987,1948.002189,4568,0.04234,42.34,3.769067,2792,55.985562,30.117852,3.437782,12.221737,2.581862
60,Manchester Square,South LA,12081,58111,574685,4.52,61.56,0.91,31.15,55.38,29.15,31,1928.451613,91.295838,1930.704162,2667,1936.185709,2642,0.011734,11.734,2.544239,2406,90.213723,9.084027,2.310953,2.649508,1.294592
61,Mar Vista,Westside,34616,97566,1298292,54.66,3.15,15.16,23.9,38.52,66.77,50,1945.64,67.256601,1954.743399,7122,1958.76601,6091,0.008207,8.207,2.220017,827,11.611907,6.073539,1.956361,2.133946,1.142293
62,Mid-City,Central LA,49850,70733,902424,24.24,19.55,7.37,48.63,34.11,45.03,179,1930.358382,85.510603,1936.489397,6657,1939.162364,6159,0.028988,28.988,3.400792,4841,72.720445,19.919028,3.040659,9.068826,2.309444
63,Mid-Wilshire,Central LA,45863,95526,1183373,43.46,11.72,22.5,18.54,20.66,72.75,214,1926.178744,83.188391,1938.811609,4778,1936.740025,4053,0.052477,52.477,3.979246,3701,77.459188,38.989701,3.688622,13.487003,2.673252
64,Mission Hills,San Fernando Valley & The Verdugos,19713,86533,582733,25.63,2.78,9.95,69.55,74.44,30.52,2,1952.5,64.65294,1957.34706,4371,1958.578402,4056,0.000493,0.493,0.400852,128,2.928392,0.493097,0.400852,0,0
65,Montecito Heights,Northeast LA and the Eastside,15838,84341,693253,26.29,3.56,19.46,55.3,55.92,48.31,43,1917.365854,64.265357,1957.734643,4433,1942.021362,2481,0.017332,17.332,2.908633,1508,34.017595,9.673519,2.367766,7.658202,2.158507
66,Mount Washington,Northeast LA and the Eastside,12485,110243,855268,42.6,2.68,12.98,41.93,64.49,59.53,97,1931.810526,72.422354,1949.577646,3885,1947.621263,3245,0.029892,29.892,3.430502,1638,42.162162,13.251156,2.656838,16.640986,2.870225
67,North Hills,San Fernando Valley & The Verdugos,58014,78848,617683,23.87,4.18,15.69,60.77,48.88,37.48,4,1956.5,55.11949,1966.88051,9959,1961.243926,7326,0.000546,0.546,0.435671,133,1.335475,0.4095,0.343235,0.1365,0.127953
68,North Hollywood,San Fernando Valley & The Verdugos,78299,60378,649530,38.87,6.71,6.95,50.1,21.46,46.07,34,1941.030303,64.82864,1957.17136,8772,1951.520394,6597,0.005153,5.153,1.816952,1565,17.840857,4.395271,1.685523,0.757805,0.564066
69,Northridge,San Fernando Valley & The Verdugos,65786,92797,721605,38.09,6.41,19.31,37.04,48.94,54.1,12,1955.583333,56.442463,1965.557537,12733,1964.109689,10940,0.001097,1.097,0.740409,94,0.738239,0.639795,0.494571,0.456997,0.376377
70,Pacific Palisades,Westside,24680,200001,2000001,81.59,0.8,6.6,6.18,79.36,85.65,49,1944.645833,56.284098,1965.715902,9195,1965.51501,6862,0.007141,7.141,2.096885,866,9.418162,5.537744,1.877592,1.603031,0.956677
71,Pacoima,San Fernando Valley & The Verdugos,75333,64956,488753,15.32,3.42,3.57,88.68,54.28,16.51,4,1953.5,61.876867,1960.123133,10915,1957.023578,8653,0.000462,0.462,0.379988,897,8.218049,0.462267,0.379988,0,0
72,Palms,Westside,43502,85574,931867,44.93,6.65,23.57,22.48,12.81,72.5,41,1947.97561,63.586963,1958.413037,3240,1957.057598,2449,0.016673,16.673,2.872063,664,20.493827,12.606751,2.610566,4.066694,1.622688
73,Panorama City,San Fernando Valley & The Verdugos,68405,54978,545753,17.4,2.81,15.42,70.07,33.74,26.27,7,1951.428571,58.423756,1963.576244,8217,1959.765313,6204,0.001128,1.128,0.755326,26,0.316417,0.967118,0.67657,0.161186,0.149442
74,Pico-Robertson,Westside,19608,94116,1031915,72.97,3.64,7.72,9.46,23.33,73.95,61,1933.571429,61.424553,1960.575447,2634,1950.904394,1686,0.035925,35.925,3.608878,1122,42.596811,28.857479,3.396435,7.067138,2.087799
75,Pico-Union,Central LA,39252,39378,619734,10.81,3.99,13.02,77.56,9.66,21.79,17,1906.692308,92.589041,1929.410959,1361,1914.946985,971,0.017418,17.418,2.91333,941,69.140338,10.245902,2.420004,7.172131,2.10073
76,Playa del Rey,South Bay,10865,127006,931018,65.61,4.98,11,13.54,51.37,81.25,11,1956.3,48.496249,1973.503751,3467,1967.807611,1892,0.005814,5.814,1.918972,89,2.567061,3.171247,1.428215,2.642706,1.292727
77,Playa Vista,Westside,15849,160597,1170208,51.54,8.69,21.66,13.6,33.72,83.74,1,1953,24.466899,1997.533101,3157,1957.989343,563,0.001776,1.776,1.021083,24,0.760215,0,0,1.776199,1.021083
78,Porter Ranch,San Fernando Valley & The Verdugos,25832,149724,803591,50.14,2.74,29.92,15.56,87.03,67.4,6,1964,46.993341,1975.006659,8710,1969.672314,5902,0.001017,1.017,0.701415,3,0.034443,0.508302,0.410985,0.508302,0.410985
79,Rancho Park,Westside,4566,101994,1130820,52.76,3.2,23.85,15.57,51.73,73.34,5,1955,75.288006,1946.711994,1309,1956.78922,1244,0.004019,4.019,1.613289,263,20.091673,3.215434,1.438753,0.803859,0.589928
80,Reseda,San Fernando Valley & The Verdugos,70827,76174,608072,31.57,4.14,13.74,53.57,48.16,36.42,28,1949.535714,61.404581,1960.595419,13929,1959.723574,11873,0.002358,2.358,1.211432,346,2.484026,1.347595,0.853392,1.010697,0.698481
81,San Pedro,The Harbor,82679,80332,708654,42.27,7.18,7.31,47.7,42.99,41.67,109,1929.925234,63.633169,1958.366831,16399,1953.683282,12580,0.008656,8.656,2.267538,4041,24.641746,6.114508,1.962136,2.541094,1.264436
82,Sawtelle,Westside,39688,101557,906849,51.79,2.97,22.22,19.81,25.62,73.86,27,1943.777778,50.610053,1971.389947,5829,1958.324157,3233,0.008338,8.338,2.234144,805,13.810259,5.250154,1.832606,3.088326,1.408136
83,Sepulveda Basin,San Fernando Valley & The Verdugos,295,129147,820833,67.12,6.78,9.83,14.92,69.66,58.61,0,,68.563636,1953.436364,110,1958.963636,110,0,0,0,0,0,0,0,0,0
84,Shadow Hills,San Fernando Valley & The Verdugos,15145,106730,771251,68.01,1.92,7.37,23.03,75.64,52.66,6,1952,59.096199,1962.903801,4709,1963.378505,4066,0.001476,1.476,0.906504,405,8.600552,0.983768,0.684998,0.491884,0.40004
85,Sherman Oaks,San Fernando Valley & The Verdugos,69773,109391,987123,68.07,5.32,8.3,15.27,41.82,72.1,73,1948.619718,57.713135,1964.286865,17259,1962.714363,12929,0.005644,5.644,1.893786,1508,8.73747,3.40215,1.482093,2.242326,1.176291
86,Silver Lake,Central LA,29236,103563,1055281,53.4,3.09,15.8,25.58,36.52,70.91,302,1925.459649,75.679568,1946.320432,6023,1943.381389,4915,0.06127,61.27,4.13148,3502,58.143782,39.561777,3.702826,21.708257,3.122729
87,South Park,South LA,33270,42806,556419,9.05,11.6,0.76,85.29,30.01,10.25,19,1918.277778,99.860155,1922.139845,2710,1923.928368,2460,0.00772,7.72,2.16567,2340,86.346863,5.282406,1.837753,2.438033,1.2349
88,Studio City,San Fernando Valley & The Verdugos,39624,122764,1236371,70.71,4.51,8.74,12.18,44.96,74.77,69,1943.352941,55.343962,1966.656038,10601,1961.160865,7211,0.009567,9.567,2.357773,1893,17.856806,6.794232,2.053384,2.773156,1.327912
90,Sun Valley,San Fernando Valley & The Verdugos,75033,63630,614492,27.6,2.43,8.74,67.65,48.17,27.73,11,1949,67.36887,1954.63113,12419,1957.845213,11617,0.000947,0.947,0.666232,654,5.266124,0.688646,0.523927,0.258242,0.229716
89,Sunland,San Fernando Valley & The Verdugos,16543,98749,649175,63.11,1.5,8.22,27.48,65.97,44.86,9,1939.888889,64.802165,1957.197835,4622,1958.776047,4108,0.002191,2.191,1.160286,541,11.70489,1.460565,0.900391,0.730282,0.548285
91,Sylmar,San Fernando Valley & The Verdugos,82565,84952,598712,21.44,2.89,5.95,78.61,64.43,28.55,7,1954,50.818648,1971.181352,15981,1961.647216,10094,0.000693,0.693,0.526786,369,2.308992,0.396275,0.333808,0.297206,0.260213
92,Tarzana,San Fernando Valley & The Verdugos,37542,95180,926954,66.03,4.21,7.61,19.49,55.5,59.22,10,1955.4,53.741677,1968.258323,10723,1968.090044,8618,0.00116,1.16,0.770276,200,1.86515,0.812253,0.594571,0.348109,0.298703
93,Toluca Lake,San Fernando Valley & The Verdugos,9302,104896,1087137,68.92,5.45,7.17,16.38,38.8,67.25,15,1938.8,58.77773,1963.22227,2308,1957.383226,1550,0.009677,9.677,2.368131,665,28.812825,8.387097,2.239336,1.290323,0.828693
94,Tujunga,San Fernando Valley & The Verdugos,28113,77801,653483,64.68,1.39,8.96,24.76,55.62,42.47,15,1943.571429,63.478224,1958.521776,7099,1956.391807,5713,0.002626,2.626,1.288017,1330,18.735033,1.925433,1.073443,0.700158,0.530721
95,University Park,Central LA,25477,18247,708333,30.61,8.86,29.32,33.24,7.49,45.07,31,1903.125,108.093156,1913.906844,537,1915.205821,483,0.063918,63.918,4.173118,466,86.778399,32.989691,3.526057,30.927835,3.463478
96,Valley Glen,San Fernando Valley & The Verdugos,58724,64709,696819,50.88,3.88,6.04,40.81,33.86,44.64,19,1947.333333,66.560819,1955.439181,8739,1958.365175,7977,0.002381,2.381,1.218157,487,5.57272,1.754386,1.013195,0.626566,0.486471
97,Valley Village,San Fernando Valley & The Verdugos,27232,86085,917052,63.79,6.14,7.21,20.26,29.58,63.76,17,1943.3125,60.172914,1961.827086,4483,1959.624782,3438,0.004943,4.943,1.782264,957,21.347312,3.489386,1.501716,1.453911,0.897683
98,Van Nuys,San Fernando Valley & The Verdugos,108557,55555,618367,29.66,5.34,7.65,60.65,25.53,33.84,19,1943.210526,62.02838,1959.97162,11488,1956.934265,9158,0.002075,2.075,1.123204,1064,9.261838,1.419524,0.883571,0.655165,0.503901
99,Venice,Westside,38152,124809,1727695,68.64,4.81,6.34,16.63,38.32,74.89,146,1927.262411,60.435238,1961.564762,9385,1955.341471,6393,0.02282,22.82,3.17051,2590,27.59723,15.942482,2.829824,6.877149,2.063966
101,Vermont-Slauson,South LA,28430,43871,486707,7.26,21.09,0.63,75.2,36.29,16.01,9,1919.111111,95.950534,1926.049466,3574,1928.104304,3352,0.002685,2.685,1.304261,3178,88.919978,2.088305,1.127623,0.596659,0.467913
100,Vermont Knolls,South LA,22507,39354,506878,5.82,32.01,0.56,63.94,26.93,17.02,10,1933.888889,90.802073,1931.197927,2027,1932.292853,1886,0.005302,5.302,1.840903,1787,88.159842,4.241782,1.656661,1.060445,0.722922
102,Vermont Square,South LA,49690,46689,590439,8.21,21.86,1.61,71.84,34.18,17.77,67,1916.476923,104.031336,1917.968664,5860,1924.546636,5695,0.01175,11.75,2.545552,5587,95.341297,6.839705,2.059201,4.910558,1.77674
103,Vermont Vista,South LA,25901,46243,472359,6.48,30.06,0.77,65.98,37.06,16.55,12,1926.416667,85.645263,1936.354737,3477,1938.645891,3275,0.003664,3.664,1.5399,2493,71.699741,2.442748,1.23627,1.221374,0.798126
104,Watts,South LA,44202,35437,437424,8.06,22.53,0.49,75.16,32.92,10.92,9,1950.666667,68.286887,1953.713113,4880,1943.515187,3461,0.0026,2.6,1.281046,1875,38.422131,2.600405,1.281046,0,0
105,West Adams,South LA,21948,55667,637848,13.82,21.83,3.26,63.6,37.34,26.98,53,1927.45098,90.048328,1931.951672,3027,1937.712225,2913,0.018169,18.169,2.953313,2404,79.418566,7.541995,2.144995,10.627357,2.453361
107,West Hills,San Fernando Valley & The Verdugos,40695,132359,704004,58.82,3.48,17.38,17.51,84.69,62.1,12,1964.166667,53.534554,1968.465446,13877,1964.334,10997,0.001091,1.091,0.737741,46,0.331484,0.545603,0.435414,0.545603,0.435414
109,West Los Angeles,Westside,14936,118054,1233266,64.52,2.23,18.75,8.43,45.9,82.21,53,1937.173077,60.980455,1961.019545,4042,1954.984538,2587,0.020448,20.448,3.06561,1694,41.909946,15.817901,2.822444,4.62963,1.728044
106,Westchester,South Bay,42556,119463,963189,50.73,11.38,15.44,18.23,52.26,72.93,49,1951.285714,67.212725,1954.787275,10389,1958.990643,9298,0.005267,5.267,1.835317,38,0.365771,3.762227,1.560715,1.504891,0.918245
108,Westlake,Central LA,107280,43373,631206,13.04,5.92,20.65,63.31,4.79,32.93,56,1917.283019,63.985684,1958.014316,2886,1945.361326,1814,0.030601,30.601,3.453192,1133,39.258489,12.021858,2.566629,18.579235,2.97447
110,Westwood,Westside,56600,98188,1486045,54.1,3.62,28.65,12.52,35.42,81.07,109,1937.119266,54.207443,1967.792557,10104,1962.17151,6301,0.017274,17.274,2.905488,2032,20.110847,14.104596,2.714999,3.169572,1.427813
111,Wilmington,The Harbor,50912,57700,513752,15.25,2.92,2.36,89.38,37.44,14.96,9,1929.285714,73.679436,1948.320564,6264,1950.309187,5660,0.00159,1.59,0.95159,2226,35.536398,0.883236,0.632992,0.706589,0.534497
112,Windsor Square,Central LA,5457,125015,2000001,47,3.3,35.97,11.53,49.55,67.64,76,1920.520548,92.18112,1929.81888,1303,1939.381151,1199,0.063281,63.281,4.163258,1106,84.881044,51.623647,3.963166,11.656953,2.538207
113,Winnetka,San Fernando Valley & The Verdugos,50344,82268,609760,29.75,4.51,18.81,49.61,56.13,40.37,14,1953.642857,58.047101,1963.952899,11316,1961.727443,9620,0.001455,1.455,0.898188,86,0.759986,0.727575,0.546719,0.727575,0.546719
114,Woodland Hills,San Fernando Valley & The Verdugos,72714,115230,854792,64.79,5.43,12.85,13.16,54.37,67.3,48,1956.708333,55.703056,1966.296944,19795,1965.032561,15878,0.003023,3.023,1.392041,196,0.990149,1.574506,0.945658,1.448545,0.895494
